category,part_no,description,p3_qty,p3_extras,p3_total,spare,grand_total,site_ALBA,site_ALVF,site_ALVY,site_BAND,site_BENT,site_BKLY,site_BUCK,site_CAPP,site_CHEM,site_COWL,site_CPJK,site_EUGE,site_FAMT,site_FAVW,site_FORT,site_GMRS,site_GRIZ,site_HAPY,site_KEEL,site_LANE,site_LAPI,site_LNHR,site_MALN,site_MARN,site_MCLO,site_MNCR,site_MOPN,site_NBMO,site_OSTD,site_PERL,site_POAN,site_PROH,site_RDMD,site_REED,site_REST,site_SALE,site_SANT,site_SHEL,site_SOMW,site_STJO,site_SUML,site_SYCN,site_TAHK,site_WEND,site_WKMZ,extras_ALBA,extras_ALVF,extras_ALVY,extras_BAND,extras_BENT,extras_BKLY,extras_BUCK,extras_CAPP,extras_CHEM,extras_COWL,extras_CPJK,extras_EUGE,extras_FAMT,extras_FAVW,extras_FORT,extras_GMRS,extras_GRIZ,extras_HAPY,extras_KEEL,extras_LANE,extras_LAPI,extras_LNHR,extras_MALN,extras_MARN,extras_MCLO,extras_MNCR,extras_MOPN,extras_NBMO,extras_OSTD,extras_PERL,extras_POAN,extras_PROH,extras_RDMD,extras_REED,extras_REST,extras_SALE,extras_SANT,extras_SHEL,extras_SOMW,extras_STJO,extras_SUML,extras_SYCN,extras_TAHK,extras_WEND,extras_WKMZ
Chassis/Shelf,3HE06792EA,Fan Module (SAR-8 Shelf V2) Ext Temp,113,0,113,8,125,2,3,4,2,2,2,2,2,3,2,4,2,2,3,2,2,4,2,3,3,3,2,5,3,2,2,2,2,3,3,2,2,4,2,2,2,3,3,2,2,3,2,2,2,2,0,0,0,0,0,0,0,0,0,0,0,0,0,0,0,0,0,0,0,0,0,0,0,0,0,0,0,0,0,0,0,0,0,0,0,0,0,0,0,0,0,0,0,0,0
Chassis/Shelf,3HE06791AA,SAR-8 SHELF V2,113,0,113,3,120,2,3,4,2,2,2,2,2,3,2,4,2,2,3,2,2,4,2,3,3,3,2,5,3,2,2,2,2,3,3,2,2,4,2,2,2,3,3,2,2,3,2,2,2,2,0,0,0,0,0,0,0,0,0,0,0,0,0,0,0,0,0,0,0,0,0,0,0,0,0,0,0,0,0,0,0,0,0,0,0,0,0,0,0,0,0,0,0,0,0
Chassis/Shelf,3HE11278AA,7250 IXR-R6 CHASSIS,57,0,57,2,60,2,0,2,0,2,2,0,0,2,0,2,2,0,2,2,0,2,0,2,2,2,0,2,2,2,2,2,0,2,2,0,0,2,2,2,2,0,0,0,1,2,2,2,2,0,0,0,0,0,0,0,0,0,0,0,0,0,0,0,0,0,0,0,0,0,0,0,0,0,0,0,0,0,0,0,0,0,0,0,0,0,0,0,0,0,0,0,0,0,0
Chassis/Shelf,3HE11279AA,7250 IXR-R6 FAN TRAY,56,0,56,3,60,2,0,2,0,2,2,0,0,2,0,2,2,0,2,2,0,2,0,2,2,2,0,2,2,2,2,2,0,2,2,0,0,2,2,2,2,0,0,0,1,2,2,1,2,0,0,0,0,0,0,0,0,0,0,0,0,0,0,0,0,0,0,0,0,0,0,0,0,0,0,0,0,0,0,0,0,0,0,0,0,0,0,0,0,0,0,0,0,0,0
Chassis/Shelf,3KC48830AA,"PSS8-8SP- SHELF PNL,TEMP-HARDEN",6,0,6,0,6,0,0,0,0,0,0,0,0,1,0,1,0,0,0,0,0,1,0,1,0,0,0,0,0,0,0,1,0,0,0,0,0,0,0,0,0,0,0,0,0,0,1,0,0,0,0,0,0,0,0,0,0,0,0,0,0,0,0,0,0,0,0,0,0,0,0,0,0,0,0,0,0,0,0,0,0,0,0,0,0,0,0,0,0,0,0,0,0,0,0
Chassis/Shelf,3KC48850AA,"PSS8-8FAN-FAN UNIT,TEMP-HARDENED",6,0,6,0,6,0,0,0,0,0,0,0,0,1,0,1,0,0,0,0,0,1,0,1,0,0,0,0,0,0,0,1,0,0,0,0,0,0,0,0,0,0,0,0,0,0,1,0,0,0,0,0,0,0,0,0,0,0,0,0,0,0,0,0,0,0,0,0,0,0,0,0,0,0,0,0,0,0,0,0,0,0,0,0,0,0,0,0,0,0,0,0,0,0,0
Chassis/Shelf,3KC48901AA,"PSS8 SHELF-(INCLUDING PSS8SHF,SHELF PNL)",6,0,6,0,6,0,0,0,0,0,0,0,0,1,0,1,0,0,0,0,0,1,0,1,0,0,0,0,0,0,0,1,0,0,0,0,0,0,0,0,0,0,0,0,0,0,1,0,0,0,0,0,0,0,0,0,0,0,0,0,0,0,0,0,0,0,0,0,0,0,0,0,0,0,0,0,0,0,0,0,0,0,0,0,0,0,0,0,0,0,0,0,0,0,0
Chassis/Shelf,1AD1519300,FIBER STORAGE TRAY (2U),1,1,2,0,1,0,0,0,0,0,0,0,0,0,0,0,0,0,0,0,0,1,0,0,0,0,0,0,0,0,0,0,0,0,0,0,0,0,0,0,0,0,0,0,0,0,0,0,0,0,0,0,0,0,0,0,0,0,0,0,0,0,0,0,0,0,1,0,0,0,0,0,0,0,0,0,0,0,0,0,0,0,0,0,0,0,0,0,0,0,0,0,0,0,0
Chassis/Shelf,8DG59417AA,KIT-DCM SHELF KIT (19 INCH EIA),1,1,2,0,1,0,0,0,0,0,0,0,0,0,0,1,0,0,0,0,0,0,0,0,0,0,0,0,0,0,0,0,0,0,0,0,0,0,0,0,0,0,0,0,0,0,0,0,0,0,0,0,0,0,0,0,0,0,0,0,1,0,0,0,0,0,0,0,0,0,0,0,0,0,0,0,0,0,0,0,0,0,0,0,0,0,0,0,0,0,0,0,0,0,0
Cards,3HE07943AA,2P 10GE+4P GE 10G ETH CARD (-48/+24VDC),230,4,234,15,253,4,6,8,4,4,4,4,4,6,4,8,4,4,6,4,4,8,4,8,8,6,4,10,6,4,4,4,4,6,6,4,4,8,4,4,4,6,6,4,4,6,4,4,4,4,0,0,0,0,0,0,0,0,0,0,0,0,0,0,0,0,0,0,2,2,0,0,0,0,0,0,0,0,0,0,0,0,0,0,0,0,0,0,0,0,0,0,0,0,0
Cards,3HE02774AB,CONTROL SWITCH MODULE V2 (CSMV2),226,0,226,17,251,4,6,8,4,4,4,4,4,6,4,8,4,4,6,4,4,8,4,6,6,6,4,10,6,4,4,4,4,6,6,4,4,8,4,4,4,6,6,4,4,6,4,4,4,4,0,0,0,0,0,0,0,0,0,0,0,0,0,0,0,0,0,0,0,0,0,0,0,0,0,0,0,0,0,0,0,0,0,0,0,0,0,0,0,0,0,0,0,0,0
Cards,3HE11282AB,1P 100GE QSFP28 +6P 10GE SFP+ MDA-e,167,9,176,10,180,4,0,8,0,4,4,0,0,8,0,4,4,0,8,4,0,11,0,6,10,8,0,10,4,4,4,4,0,4,4,0,0,4,12,4,8,0,0,0,3,7,4,4,4,0,0,0,0,0,0,0,0,0,0,0,0,0,0,0,0,0,3,0,0,0,0,0,2,0,0,0,0,0,0,0,0,0,0,4,0,0,0,0,0,0,0,0,0,0,0
Cards,3HE11283AA,7250 IXR-R6 CPIOM,114,0,114,2,118,4,0,4,0,4,4,0,0,4,0,4,4,0,4,4,0,4,0,4,4,4,0,4,4,4,4,4,0,4,4,0,0,4,4,4,4,0,0,0,2,4,4,4,4,0,0,0,0,0,0,0,0,0,0,0,0,0,0,0,0,0,0,0,0,0,0,0,0,0,0,0,0,0,0,0,0,0,0,0,0,0,0,0,0,0,0,0,0,0,0
Cards,3HE12504AA,8-PORT C37.94 TELEPROTECTION CARD - TPC,72,6,78,0,74,2,2,0,0,2,2,0,0,2,0,6,0,2,0,2,0,6,2,2,0,2,2,4,4,2,2,2,0,2,2,2,0,2,0,0,2,4,2,0,2,2,2,0,2,0,0,0,0,0,0,0,0,0,0,0,0,0,0,0,0,0,6,0,0,0,0,0,0,0,0,0,0,0,0,0,0,0,0,0,0,0,0,0,0,0,0,0,0,0,0
Cards,3HE02781AA,32 PORT T1/E1 ASAP CARD (-48/+24 VDC),58,2,60,9,70,0,2,2,2,1,0,2,2,1,2,2,2,0,2,0,2,2,2,0,2,2,2,2,2,1,1,1,2,0,0,1,2,0,2,2,1,2,0,2,0,1,0,2,0,2,0,0,0,0,0,0,0,0,0,0,0,0,0,0,0,0,2,0,0,0,0,0,0,0,0,0,0,0,0,0,0,0,0,0,0,0,0,0,0,0,0,0,0,0,0
Cards,3HE03391AC,12P SERIAL DATA CARD V3 -48/+24VDC,62,0,62,0,64,1,1,2,1,2,2,2,1,2,1,2,1,2,2,2,0,4,1,2,0,0,2,2,0,0,1,1,1,2,2,2,0,2,1,1,1,2,2,1,1,2,1,2,2,0,0,0,0,0,0,0,0,0,0,0,0,0,0,0,0,0,0,0,0,0,0,0,0,0,0,0,0,0,0,0,0,0,0,0,0,0,0,0,0,0,0,0,0,0,0
Cards,3HE02780AA,6 port FXS line card (-48/+24 VDC) _x000D_,48,0,48,2,51,1,0,4,1,1,1,1,1,0,1,2,1,1,1,1,1,2,0,3,3,1,0,0,0,1,1,1,0,1,1,1,0,4,1,1,1,1,1,1,1,1,1,1,1,0,0,0,0,0,0,0,0,0,0,0,0,0,0,0,0,0,0,0,0,0,0,0,0,0,0,0,0,0,0,0,0,0,0,0,0,0,0,0,0,0,0,0,0,0,0
Cards,3HE03126AA,6 port E/M Interface Card,49,1,50,0,49,1,1,4,0,0,0,1,1,1,0,2,1,1,2,1,0,6,0,0,2,0,0,4,0,0,0,2,1,2,2,0,1,4,0,1,0,1,2,0,1,1,1,1,1,0,0,0,0,0,0,0,0,0,0,0,0,0,0,0,0,0,0,0,0,0,0,0,1,0,0,0,0,0,0,0,0,0,0,0,0,0,0,0,0,0,0,0,0,0,0
Cards,3HE06006AA,8 PORT VOICE AND TELEPROTECTION CARD,13,9,22,2,22,0,0,0,0,0,0,0,0,0,0,0,0,0,0,0,0,0,0,0,0,0,8,5,0,0,0,0,0,0,0,0,0,0,0,0,0,0,0,0,0,0,0,0,0,0,0,0,0,0,0,0,0,0,0,0,0,0,0,0,0,0,0,0,0,0,0,8,1,0,0,0,0,0,0,0,0,0,0,0,0,0,0,0,0,0,0,0,0,0,0
Cards,3HE03127AA,2P OC3/STM1 CHANNELIZED ADAPTER CARD,19,0,19,0,20,0,0,0,0,0,0,2,2,1,0,0,0,0,0,0,2,0,0,0,0,0,0,2,2,0,0,0,0,0,0,1,2,0,0,0,1,0,0,2,0,0,0,0,0,2,0,0,0,0,0,0,0,0,0,0,0,0,0,0,0,0,0,0,0,0,0,0,0,0,0,0,0,0,0,0,0,0,0,0,0,0,0,0,0,0,0,0,0,0,0
Cards,3KC48820AA,"8EC2 -EQUIPT CONTROLLER-PSS8,TEMP-HARDEN",12,0,12,1,13,0,0,0,0,0,0,0,0,2,0,2,0,0,0,0,0,2,0,2,0,0,0,0,0,0,0,2,0,0,0,0,0,0,0,0,0,0,0,0,0,0,2,0,0,0,0,0,0,0,0,0,0,0,0,0,0,0,0,0,0,0,0,0,0,0,0,0,0,0,0,0,0,0,0,0,0,0,0,0,0,0,0,0,0,0,0,0,0,0,0
Cards,3KC48870AB,POWER FILTER-30A-PSS8 (8DC30),12,0,12,1,13,0,0,0,0,0,0,0,0,2,0,2,0,0,0,0,0,2,0,2,0,0,0,0,0,0,0,2,0,0,0,0,0,0,0,0,0,0,0,0,0,0,2,0,0,0,0,0,0,0,0,0,0,0,0,0,0,0,0,0,0,0,0,0,0,0,0,0,0,0,0,0,0,0,0,0,0,0,0,0,0,0,0,0,0,0,0,0,0,0,0
Cards,3HE07938AA,4 Port OC3/STM1 - 1 Port OC12/STM4 CARD,10,2,12,1,11,0,2,0,0,0,0,0,0,0,0,0,0,0,0,0,0,0,0,0,0,2,0,2,0,0,0,0,0,0,0,0,0,0,0,0,0,0,0,0,0,0,0,0,0,4,0,0,0,0,0,0,0,0,0,0,0,0,0,0,0,0,0,0,0,0,0,0,2,0,0,0,0,0,0,0,0,0,0,0,0,0,0,0,0,0,0,0,0,0,0
Cards,3KC49230AB,SFDC8B - STATIC FLTR DWDM CMPCT 8CH (B),6,0,6,1,7,0,0,0,0,0,0,0,0,1,0,1,0,0,0,0,0,1,0,1,0,0,0,0,0,0,0,1,0,0,0,0,0,0,0,0,0,0,0,0,0,0,1,0,0,0,0,0,0,0,0,0,0,0,0,0,0,0,0,0,0,0,0,0,0,0,0,0,0,0,0,0,0,0,0,0,0,0,0,0,0,0,0,0,0,0,0,0,0,0,0
Cards,3KC70693AB,ASGLP AMPLIFIER SWITCHED GAIN EDFA LP,7,1,8,0,7,0,0,0,0,0,0,0,0,1,0,2,0,0,0,0,0,1,0,1,0,0,0,0,0,0,0,1,0,0,0,0,0,0,0,0,0,0,0,0,0,0,1,0,0,0,0,0,0,0,0,0,0,0,0,0,1,0,0,0,0,0,0,0,0,0,0,0,0,0,0,0,0,0,0,0,0,0,0,0,0,0,0,0,0,0,0,0,0,0,0
Cards,8DG62504AA,OTDR,6,0,6,1,7,0,0,0,0,0,0,0,0,1,0,1,0,0,0,0,0,1,0,1,0,0,0,0,0,0,0,1,0,0,0,0,0,0,0,0,0,0,0,0,0,0,1,0,0,0,0,0,0,0,0,0,0,0,0,0,0,0,0,0,0,0,0,0,0,0,0,0,0,0,0,0,0,0,0,0,0,0,0,0,0,0,0,0,0,0,0,0,0,0,0
Cards,3KC70693AA,ASG AMPLIFIER SWITCHED GAIN EDFA,6,0,6,0,6,0,0,0,0,0,0,0,0,1,0,1,0,0,0,0,0,1,0,1,0,0,0,0,0,0,0,1,0,0,0,0,0,0,0,0,0,0,0,0,0,0,1,0,0,0,0,0,0,0,0,0,0,0,0,0,0,0,0,0,0,0,0,0,0,0,0,0,0,0,0,0,0,0,0,0,0,0,0,0,0,0,0,0,0,0,0,0,0,0,0
Cards,8DG61330AA,WTOCM-F,5,0,5,0,5,0,0,0,0,0,0,0,0,1,0,1,0,0,0,0,0,1,0,1,0,0,0,0,0,0,0,0,0,0,0,0,0,0,0,0,0,0,0,0,0,0,1,0,0,0,0,0,0,0,0,0,0,0,0,0,0,0,0,0,0,0,0,0,0,0,0,0,0,0,0,0,0,0,0,0,0,0,0,0,0,0,0,0,0,0,0,0,0,0,0
Cards,3HE06794AA,8 port FXO line card (-48/+24 VDC),2,0,2,1,3,0,0,0,0,0,1,0,0,0,0,0,0,0,0,0,0,0,0,0,0,0,0,0,0,0,0,0,0,0,0,0,1,0,0,0,0,0,0,0,0,0,0,0,0,0,0,0,0,0,0,0,0,0,0,0,0,0,0,0,0,0,0,0,0,0,0,0,0,0,0,0,0,0,0,0,0,0,0,0,0,0,0,0,0,0,0,0,0,0,0
Cards,8DG59427AA,DCM - SMF 50KM,1,1,2,1,2,0,0,0,0,0,0,0,0,0,0,1,0,0,0,0,0,0,0,0,0,0,0,0,0,0,0,0,0,0,0,0,0,0,0,0,0,0,0,0,0,0,0,0,0,0,0,0,0,0,0,0,0,0,0,0,1,0,0,0,0,0,0,0,0,0,0,0,0,0,0,0,0,0,0,0,0,0,0,0,0,0,0,0,0,0,0,0,0,0,0
Optics,3HE12546AA,SFP - C37.94 LC 2KM SR ROHS6/6 -40/85C,635,635,1270,49,700,16,16,8,0,16,16,0,0,16,0,47,0,16,16,16,0,48,16,16,16,17,16,64,32,17,16,16,0,16,16,18,0,0,0,0,16,32,16,0,16,16,16,0,16,0,16,16,8,0,16,16,0,0,16,0,47,0,16,16,16,0,48,16,16,16,17,16,64,32,17,16,16,0,16,16,18,0,0,0,0,16,32,16,0,16,16,16,0,16,0
Optics,3HE04823AA,SFP+  10GE LR - LC ROHS6/6 0/70C,505,54,559,28,545,16,6,18,4,22,16,4,0,16,6,16,16,0,16,16,0,16,0,16,16,11,4,8,14,16,16,16,4,16,16,0,4,28,16,16,16,6,0,0,12,14,16,16,16,4,0,0,0,0,6,0,0,0,4,0,0,0,0,0,0,0,8,0,0,0,1,0,0,0,0,0,0,0,1,0,0,0,12,0,0,0,6,0,0,0,0,16,0,0,0
Optics,3HE00028CA,SAR 1-Port 1000Base-LX SFP SM 10KM 1310nm LC Connector,362,346,708,45,415,8,9,8,16,8,8,8,8,8,8,8,8,8,8,8,8,8,8,8,8,8,8,8,8,8,8,8,8,8,8,8,0,8,8,8,8,8,8,8,8,7,8,8,8,10,8,9,8,16,8,8,8,4,8,8,8,8,8,8,8,4,8,8,8,8,8,8,8,8,8,8,8,8,8,8,4,0,8,8,8,8,8,8,4,8,7,8,8,8,10
Optics,3HE11239AA,QSFP28 - 100GBase-ER4Lite RoHS6/6 0/70C,63,8,71,3,69,2,0,4,0,2,2,0,0,4,0,2,2,0,0,2,0,2,0,4,4,0,0,1,0,4,4,2,0,2,4,0,0,2,0,0,4,0,0,0,3,3,2,0,2,0,0,0,0,0,2,0,0,0,0,0,0,0,0,0,0,0,2,0,0,0,0,0,0,0,0,2,0,0,0,0,0,0,0,0,0,0,0,0,0,0,0,2,0,0,0
Optics,3HE04824AA,SFP+ 10GE SR - LC ROHS6/6 0/70C,64,39,103,0,64,0,0,0,0,0,0,0,0,4,0,0,0,0,4,0,0,8,0,0,4,3,0,11,4,0,0,0,0,4,4,0,0,8,0,0,0,4,2,0,0,4,0,0,0,0,0,0,0,0,0,0,0,0,0,0,0,0,0,4,0,0,0,0,0,4,1,0,11,0,0,0,0,0,3,4,0,0,8,0,0,0,0,0,0,0,4,0,0,0,0
Optics,3HE15276AA,QSFP28 100G DR 500m - SINGLE LAMBDA,40,0,40,4,44,0,0,4,0,0,0,0,0,4,0,0,0,0,4,0,0,4,0,0,4,2,0,2,4,0,0,0,0,0,0,0,0,0,4,0,4,0,0,0,0,4,0,0,0,0,0,0,0,0,0,0,0,0,0,0,0,0,0,0,0,0,0,0,0,0,0,0,0,0,0,0,0,0,0,0,0,0,0,0,0,0,0,0,0,0,0,0,0,0,0
Optics,3HE16558AA,QSFP28 - 100GE ZR4 0/70C,36,4,40,0,36,2,0,0,0,0,2,0,0,0,0,0,2,0,4,2,0,2,0,2,2,2,0,0,0,0,2,0,0,4,0,0,0,2,2,4,0,0,0,0,0,0,0,0,2,0,0,0,0,0,0,0,0,0,0,0,0,0,0,0,0,0,2,0,0,0,0,0,0,0,0,0,0,0,2,0,0,0,0,0,0,0,0,0,0,0,0,0,0,0,0
Optics,3HE00035CA,"1-port OC-3/STM-1 SONET/SDH Optics Module, IR-1 / I-1, Singl",27,4,31,2,29,0,3,0,0,0,0,2,2,1,0,0,0,0,0,0,2,0,0,0,0,2,0,0,2,0,0,0,0,0,0,1,2,0,0,0,1,0,0,2,0,1,0,0,0,6,0,3,0,0,0,0,0,0,0,0,0,0,0,0,0,0,0,0,0,0,0,0,0,0,0,0,0,0,0,0,0,0,0,0,0,0,0,0,0,0,1,0,0,0,0
Optics,3HE05036AA,SFP+  10GE ER - LC ROHS6/6 0/70C,14,0,14,0,14,0,0,0,0,0,0,0,0,0,0,0,0,2,0,0,0,0,4,0,0,0,2,0,0,0,0,0,2,0,0,2,0,0,2,0,0,0,0,0,0,0,0,0,0,0,0,0,0,0,0,0,0,0,0,0,0,0,0,0,0,0,0,0,0,0,0,0,0,0,0,0,0,0,0,0,0,0,0,0,0,0,0,0,0,0,0,0,0,0,0
Optics,3HE19775AA,QSFP28 - 100G ZR -8dBm 0/70C,7,3,10,6,13,0,0,0,0,0,0,0,0,0,0,2,0,0,0,0,0,1,0,0,0,0,0,0,0,0,0,2,0,0,0,0,0,0,0,0,0,0,0,0,0,0,2,0,0,0,0,0,0,0,0,0,0,0,0,0,0,0,0,0,0,0,1,0,0,0,0,0,0,0,0,0,0,0,0,0,0,0,0,0,0,0,0,0,0,0,0,2,0,0,0
Optics,3AL82081AA,SFP EULH-II OSC 1511NM,4,1,5,0,4,0,0,0,0,0,0,0,0,0,0,1,0,0,0,0,0,0,0,0,0,0,0,0,0,0,0,1,0,0,0,0,0,0,0,0,0,0,0,0,0,0,2,0,0,0,0,0,0,0,0,0,0,0,0,0,0,0,0,0,0,0,0,0,0,0,0,0,0,0,0,0,0,0,0,0,0,0,0,0,0,0,0,0,0,0,0,1,0,0,0
Optics,3HE10550AA,QSFP28- 100G LR4 10KM LC ROHS6/6 0/70C,2,0,2,2,4,0,0,0,0,0,0,0,0,0,0,0,0,0,0,0,0,0,0,0,0,0,0,0,0,0,0,0,0,0,0,0,0,0,2,0,0,0,0,0,0,0,0,0,0,0,0,0,0,0,0,0,0,0,0,0,0,0,0,0,0,0,0,0,0,0,0,0,0,0,0,0,0,0,0,0,0,0,0,0,0,0,0,0,0,0,0,0,0,0,0
Optics,3HE14649AA,SFP+ 10GE eZR - LC ROHS6/6 0/70C,4,1,5,0,4,0,0,0,0,0,0,0,0,0,0,0,0,1,0,0,0,0,0,0,0,0,0,0,0,0,0,0,0,0,0,0,0,1,0,0,0,0,2,0,0,0,0,0,0,0,0,0,0,0,0,0,0,0,0,0,0,0,0,0,0,0,0,0,0,0,0,0,0,0,0,0,0,0,0,0,0,0,1,0,0,0,0,0,0,0,0,0,0,0,0
Optics,CLEI code,Not Found,3,0,3,0,3,0,0,0,0,0,0,0,0,0,0,0,0,0,0,0,0,0,0,2,0,0,0,0,0,0,0,0,0,0,0,0,0,0,0,0,0,0,0,0,0,0,0,1,0,0,0,0,0,0,0,0,0,0,0,0,0,0,0,0,0,0,0,0,0,0,0,0,0,0,0,0,0,0,0,0,0,0,0,0,0,0,0,0,0,0,0,0,0,0,0
Optics,3HE09329AA,SFP+10GE ZR - LC ROHS6/6 -40/85C,2,0,2,0,2,0,0,0,2,0,0,0,0,0,0,0,0,0,0,0,0,0,0,0,0,0,0,0,0,0,0,0,0,0,0,0,0,0,0,0,0,0,0,0,0,0,0,0,0,0,0,0,0,0,0,0,0,0,0,0,0,0,0,0,0,0,0,0,0,0,0,0,0,0,0,0,0,0,0,0,0,0,0,0,0,0,0,0,0,0,0,0,0,0,0
Optics,1AB3731200,OC3/STM1 APD ULH SFP 1510NM,1,0,1,0,1,0,0,0,0,0,0,0,0,0,0,0,0,0,0,0,0,0,0,1,0,0,0,0,0,0,0,0,0,0,0,0,0,0,0,0,0,0,0,0,0,0,0,0,0,0,0,0,0,0,0,0,0,0,0,0,0,0,0,0,0,0,0,0,0,0,0,0,0,0,0,0,0,0,0,0,0,0,0,0,0,0,0,0,0,0,0,0,0,0,0
Additional Material,3HE10339AA,CPX DC Defender Modules,99,99,198,11,114,2,2,4,2,2,2,2,2,2,2,4,1,2,2,2,4,2,2,2,2,2,2,6,2,2,2,0,2,3,1,2,2,4,2,2,2,2,2,2,2,2,2,2,2,2,2,2,4,2,2,2,2,2,2,2,4,1,2,2,2,4,2,2,2,2,2,2,6,2,2,2,0,2,3,1,2,2,4,2,2,2,2,2,2,2,2,2,2,2,2
Additional Material,3CC52216AA,Fan-Alarm Evo 8 HK cord 7.5m,86,86,172,1,90,2,1,5,4,2,2,2,1,0,1,3,4,1,2,0,0,4,2,0,1,0,2,4,5,1,0,0,2,0,0,2,2,3,2,3,2,3,3,2,1,0,9,1,0,2,2,1,5,4,2,2,2,1,0,1,3,4,1,2,0,0,4,2,0,1,0,2,4,5,1,0,0,2,0,0,2,2,3,2,3,2,3,3,2,1,0,9,1,0,2
Additional Material,3HE12442AA,"4 PORT RS232 DIST PANEL,SDIv3 ONLY",62,62,124,6,70,0,0,4,1,2,2,0,0,0,1,2,0,2,1,2,0,4,1,1,0,0,2,4,2,0,1,2,1,2,2,3,0,4,1,1,1,2,2,1,1,2,1,2,2,0,0,0,4,1,2,2,0,0,0,1,2,0,2,1,2,0,4,1,1,0,0,2,4,2,0,1,2,1,2,2,3,0,4,1,1,1,2,2,1,1,2,1,2,2,0
Additional Material,3HE10338AA,EXTERNAL SURGE PROTECTION KIT,62,62,124,3,67,1,1,3,1,1,1,1,1,2,1,2,0,1,2,1,1,2,1,2,2,2,1,2,2,1,1,1,1,2,2,2,1,2,1,1,1,2,2,1,1,2,1,1,1,1,1,1,3,1,1,1,1,1,2,1,2,0,1,2,1,1,2,1,2,2,2,1,2,2,1,1,1,1,2,2,2,1,2,1,1,1,2,2,1,1,2,1,1,1,1
Additional Material,3HE12410AA,DCE CABLE for SDI V3,59,59,118,1,61,1,0,6,2,2,2,0,1,0,1,0,3,1,1,0,0,8,1,0,0,0,2,1,3,0,0,0,1,0,0,2,0,6,1,1,1,2,2,1,0,0,5,1,1,0,1,0,6,2,2,2,0,1,0,1,0,3,1,1,0,0,8,1,0,0,0,2,1,3,0,0,0,1,0,0,2,0,6,1,1,1,2,2,1,0,0,5,1,1,0
Additional Material,1AB2151200,SHORT JUMPER LC (230MM),1,1,2,1,2,0,0,0,0,0,0,0,0,0,0,0,0,0,0,0,0,0,0,0,1,0,0,0,0,0,0,0,0,0,0,0,0,0,0,0,0,0,0,0,0,0,0,0,0,0,0,0,0,0,0,0,0,0,0,0,0,0,0,0,0,0,0,0,0,1,0,0,0,0,0,0,0,0,0,0,0,0,0,0,0,0,0,0,0,0,0,0,0,0,0
Additional Material,3HE03399AB,T1/E1 CABLE 26 AWG OPEN-ENDED 30M,1,1,2,1,2,0,0,0,0,0,0,0,0,0,0,0,0,0,0,0,0,0,0,0,0,0,0,0,0,1,0,0,0,0,0,0,0,0,0,0,0,0,0,0,0,0,0,0,0,0,0,0,0,0,0,0,0,0,0,0,0,0,0,0,0,0,0,0,0,0,0,0,0,0,1,0,0,0,0,0,0,0,0,0,0,0,0,0,0,0,0,0,0,0,0
