line,visio_id,type,bandwidth,optic,strands,A_TID,A_Site,A_Slot,A_Port,Z_TID,Z_Site,Z_Slot,Z_Port,A_P3,Z_P3,is_self_loop,cable_length
1,12150,green-100G,,100G QSFP28,1,ALBA002_7250,ALBA,1/2,7,ALBA002_7250,ALBA,1/2,7,True,True,True,
2,12145,red-100G,,100G QSFP28,1,ALBA001_7250,ALBA,1/1,7,ALBA001_7250,ALBA,1/1,7,True,True,True,
3,11059,red-100G,,100G QSFP28,1,ALBA001_7250,ALBA,1/2,7,SALE001_7250,SALE,1/5,7,True,True,False,
4,12146,red-100G,,100G QSFP28,1,ALBA001_7250,ALBA,1/2,7,ALBA001_7250,ALBA,1/2,7,True,True,True,
5,11468,blue-10G,20G,2x SFP+ 10G LR,2,ALVF001_7705,ALVF,1/1,6,ALVF002_7705,ALVF,1/1,6,True,True,False,
6,11469,blue-10G,20G,2x SFP+ 10G LR,2,ALVF001_7705,ALVF,1/2,6,ALVF002_7705,ALVF,1/2,6,True,True,False,
7,11466,green-10G,20G,2x SFP+ 10G LR,2,ALVF002_7705,ALVF,1/4,2,ALVF002_7705,ALVF,1/4,1,True,True,False,
8,33180,green-10G,,SFP+ 10G LR,1,ALVF002_7705,ALVF,1/4,2,ALVF002_7705,ALVF,1/4,2,True,True,True,
9,11465,green-OC3,,OC3 SFP,1,ALVF001_7705,ALVF,1/4,1,ALVF001_7705,ALVF,1/4,1,True,True,True,
10,23078,green-OC3,,OC3 SFP,1,ALVF001_7705,ALVF,1/4,1,ALVF002_7705,ALVF,1/4,2,True,True,False,
11,14246,red-OC3,,OC3 SFP,1,ALVF001_7705,ALVF,1/4,1,ALVF001_7705,ALVF,1/4,1,True,True,True,
12,11373,green-100G,200G,2x 100G QSFP28,2,ALVY002_7250,ALVY,1/1,7,ALVY002_7250,ALVY,1/1,7,True,True,True,
13,11374,green-100G,200G,2x 100G QSFP28,2,ALVY002_7250,ALVY,1/5,7,ALVY002_7250,ALVY,1/5,7,True,True,True,
14,11473,green-10G,,SFP+ 10G LR,1,ALVY002_7250,ALVY,1/1,3,ALVF002_7705,ALVF,1/1,5,True,True,False,
15,11354,red-100G,200G,2x 100G QSFP28,2,ALVY001_7250,ALVY,1/1,7,ALVY001_7250,ALVY,1/1,7,True,True,True,
16,11355,red-100G,200G,2x 100G QSFP28,2,ALVY001_7250,ALVY,1/2,7,ALVY001_7250,ALVY,1/2,7,True,True,True,
17,11150,red-10G,20G,2x SFP+ 10G LR,2,ALVY002_7705,ALVY,1/2,6,ALVY001_7250,ALVY,1/2,2,True,True,False,
18,13772,blue-10G,20G,2x SFP+ 10G LR,2,BAND001_7705,BAND,1/1,6,BAND002_7705,BAND,1/1,6,True,True,False,
19,11343,blue-10G,20G,2x SFP+ 10G LR,2,BAND001_7705,BAND,1/2,6,BAND002_7705,BAND,1/2,6,True,True,False,
20,11344,green-10G,20G,2x SFP+ 10G LR,2,BAND002_7705,BAND,1/1,5,BAND002_7705,BAND,1/1,5,False,True,True,
21,13118,green-100G,,100G QSFP28,1,BENT002_7250,BENT,1/1,7,ASHE002_7250,ASHE,1/1,7,True,False,False,
22,10721,green-100G,,100G QSFP28,1,BKLY002_7250,BKLY,1/1,7,BKLY002_7250,BKLY,1/1,7,True,False,True,
23,10720,green-100G,,100G QSFP28,1,BKLY002_7250,BKLY,1/2,7,BKLY002_7250,BKLY,1/2,7,True,False,True,
24,10719,red-100G,,100G QSFP28,1,BKLY001_7250,BKLY,1/1,7,BKLY001_7250,BKLY,1/1,7,True,False,True,
25,10718,red-100G,,100G QSFP28,1,BKLY001_7250,BKLY,1/2,7,BKLY001_7250,BKLY,1/2,7,True,False,True,
26,33009,red-10G,20G,2x SFP+ 10G LR,2,7705,BUCK,1/2,6,7705,BUCK,1/2,6,True,True,True,
27,33010,red-OC3,,OC3 SFP,1,7705,BUCK,1/1,6,7705,BUCK,1/1,6,True,True,True,
28,33008,red-OC3,,OC3 SFP,1,7705,BUCK,1/2,6,7705,BUCK,1/2,6,True,True,True,
29,33281,blue-10G,,SFP+ 10G LR,1,CAPP002_7705,CAPP,1/1,6,CAPP002_7705,CAPP,1/1,6,True,True,True,
30,33272,blue-10G,,SFP+ 10G LR,1,CAPP001_7705,CAPP,1/2,6,CAPP001_7705,CAPP,1/2,6,True,True,True,
31,10641,blue-OC3,,OC3 SFP,1,CAPP002_7705,CAPP,1/1,6,CAPP002_7705,CAPP,1/1,6,True,True,True,
32,10642,blue-OC3,,OC3 SFP,1,CAPP001_7705,CAPP,1/2,6,CAPP001_7705,CAPP,1/2,6,True,True,True,
33,12257,green-100G,200G,2x 100G QSFP28,2,CHEM002_7250,CHEM,1/1,7,SALE002_7250,SALE,1/2,7,True,True,False,
34,12258,green-100G,200G,2x 100G QSFP28,2,CHEM002_7250,CHEM,1/1,7,CHEM002_7250,CHEM,1/1,7,True,True,True,
35,11062,green-100G,,100G QSFP28,1,CHEM002_7250,CHEM,1/2,5,KEEL002_7250,KEEL,1/1,5,True,True,False,
36,12259,green-100G,200G,2x 100G QSFP28,2,CHEM002_7250,CHEM,1/2,5,CHEM002_7250,CHEM,1/2,5,True,True,True,
37,12141,green-10G,20G,2x SFP+ 10G LR,2,CHEM002_7705,CHEM,1/2,6,CHEM002_7705,CHEM,1/1,6,True,True,False,
38,33231,green-10G,20G,2x SFP+ 10G LR,2,CHEM002_7705,CHEM,1/2,6,CHEM002_7705,CHEM,1/2,6,True,True,True,
39,33230,green-OC3,,OC3 SFP,1,CHEM002_7705,CHEM,1/2,6,CHEM002_7705,CHEM,1/1,6,True,True,False,
40,12255,red-100G,200G,2x 100G QSFP28,2,CHEM001_7250,CHEM,1/1,7,CHEM001_7250,CHEM,1/1,7,True,True,True,
41,11060,red-100G,,100G QSFP28,1,CHEM001_7250,CHEM,1/2,5,KEEL001_7250,KEEL,1/2,2,True,True,False,
42,12256,red-100G,200G,2x 100G QSFP28,2,CHEM001_7250,CHEM,1/2,5,CHEM001_7250,CHEM,1/2,5,True,True,True,
43,12261,red-100G,,100G QSFP28,1,CHEM001_7250,CHEM,1/2,5,CHEM001_7250,CHEM,1/2,5,True,True,True,
44,11942,blue-10G,20G,2x SFP+ 10G LR,2,COWL001_7705,COWL,1/1,6,COWL002_7705,COWL,1/1,6,True,True,False,
45,13681,blue-10G,20G,2x SFP+ 10G LR,2,COWL001_7705,COWL,1/2,6,COWL002_7705,COWL,1/2,6,True,True,False,
46,11941,green-10G,20G,2x SFP+ 10G LR,2,COWL002_7705,COWL,1/1,5,COWL002_7705,COWL,1/1,5,True,True,True,
47,11940,red-10G,20G,2x SFP+ 10G LR,2,COWL001_7705,COWL,1/1,5,COWL001_7705,COWL,1/1,5,True,True,True,
48,13415,green-100G,,100G QSFP28,1,CPJK001_7250,CPJK,1/1,5,CPJK001_7250,CPJK,1/1,5,True,True,True,
49,13446,green-100G,,100G QSFP28,1,CPJK001_7250,CPJK,1/1,5,SYCN002_7250,SYCN,1/2,5,True,False,False,
50,13414,green-100G,,100G QSFP28,1,CPJK001_7250,CPJK,1/2,7,?,CPJK,1/2,7,True,False,False,
51,13412,red-100G,,100G QSFP28,1,CPJK001_7250,CPJK,1/1,5,CPJK001_7250,CPJK,1/1,5,True,True,True,
52,13413,red-100G,,100G QSFP28,1,?,CPJK,1/2,7,?,CPJK,1/2,7,True,True,False,
53,11064,red-100G,,100G QSFP28,1,EUGE001_7250,EUGE,1/1,7,EUGE001_7250,EUGE,1/1,7,True,True,True,
54,11063,red-100G,,100G QSFP28,1,EUGE001_7250,EUGE,1/2,7,ALBA001_7250,ALBA,1/1,7,True,True,False,
55,12041,red-100G,,100G QSFP28,1,EUGE001_7250,EUGE,1/2,7,EUGE001_7250,EUGE,1/2,7,True,True,True,
56,12326,green-10G,,SFP+ 10G LR,1,FAMT002_7705,FAMT,1/1,5,SHEL002_7705,SHEL,1/2,5,True,True,False,
57,12325,red-10G,,SFP+ 10G LR,1,FAMT002_7705,FAMT,1/1,5,SHEL001_7705,SHEL,1/2,5,True,True,False,
58,11379,green-100G,200G,2x 100G QSFP28,2,FAVW002_7250,FAVW,1/1,7,BAND001_7705,BAND,1/1,7,True,False,False,
59,11380,green-100G,200G,2x 100G QSFP28,2,FAVW002_7250,FAVW,1/2,7,BAND002_7250,BAND,1/2,7,True,False,False,
60,11360,red-100G,200G,2x 100G QSFP28,2,FAVW001_7250,FAVW,1/1,7,BAND001_7250,BAND,1/1,7,True,False,False,
61,11361,red-100G,200G,2x 100G QSFP28,2,FAVW001_7250,FAVW,1/2,7,FAVW001_7250,FAVW,1/2,7,True,True,True,
62,11244,red-10G,20G,2x SFP+ 10G LR,2,FAVW002_7705,FAVW,1/2,6,FAVW001_7250,FAVW,1/2,2,True,True,False,
63,10916,green-100G,,100G QSFP28,1,FORT002_7250,FORT,1/1,7,FORT002_7250,FORT,1/1,7,True,False,True,
64,10917,green-100G,,100G QSFP28,1,FORT002_7250,FORT,1/2,7,FORT002_7250,FORT,1/2,7,True,False,True,
65,10884,red-100G,200G,2x 100G QSFP28,2,FORT001_7250,FORT,1/1,7,LAPI001_7250,LAPI,1/2,7,False,True,False,
66,10914,red-100G,,100G QSFP28,1,FORT001_7250,FORT,1/1,7,FORT001_7250,FORT,1/1,7,True,False,True,
67,10915,red-100G,,100G QSFP28,1,FORT001_7250,FORT,1/2,7,FORT001_7250,FORT,1/2,7,True,False,True,
68,33316,blue-10G,,SFP+ 10G LR,1,GMRS002_7705,GMRS,1/1,6,GMRS002_7705,GMRS,1/1,6,True,True,True,
69,33309,blue-10G,,SFP+ 10G LR,1,GMRS001_7705,GMRS,1/2,6,GMRS001_7705,GMRS,1/2,6,True,True,True,
70,33315,blue-OC3,,OC3 SFP,1,GMRS002_7705,GMRS,1/1,6,GMRS002_7705,GMRS,1/1,6,True,True,True,
71,33308,blue-OC3,,OC3 SFP,1,GMRS001_7705,GMRS,1/2,6,GMRS001_7705,GMRS,1/2,6,True,True,True,
72,12324,green-10G,,SFP+ 10G LR,1,HAPY002_7705,HAPY,1/1,5,FAMT002_7705,FAMT,1/2,5,True,True,False,
73,12322,red-10G,,SFP+ 10G LR,1,HAPY002_7705,HAPY,1/1,5,FAMT002_7705,FAMT,1/2,5,True,True,False,
74,12385,green-100G,,100G QSFP28,1,KEEL002_7250,KEEL,1/1,5,KEEL002_7250,KEEL,1/1,5,True,True,True,
75,12386,green-100G,,100G QSFP28,1,KEEL002_7250,KEEL,1/2,7,KEEL002_7250,KEEL,1/2,7,True,True,True,
76,12414,green-100G,,100G QSFP28,1,KEEL002_7250,KEEL,1/2,7,STJO002_7250,STJO,1/1,7,True,True,False,
77,12387,green-100G,,100G QSFP28,1,KEEL002_7250,KEEL,1/3,7,KEEL002_7250,KEEL,1/3,7,True,True,True,
78,13201,green-100G,,100G QSFP28,1,KEEL002_7250,KEEL,1/3,7,PERL002_7250,PERL,1/1,7,True,True,False,
79,12245,red-100G,,100G QSFP28,1,KEEL001_7250,KEEL,1/2,2,KEEL001_7250,KEEL,1/2,2,True,True,True,
80,13189,red-100G,,100G QSFP28,1,KEEL001_7250,KEEL,1/2,2,STJO002_7250,STJO,1/1,7,True,True,False,
81,13191,red-100G,,100G QSFP28,1,KEEL001_7250,KEEL,1/2,2,PERL001_7250,PERL,1/1,7,True,True,False,
82,11349,green-100G,,100G QSFP28,1,LANE002_7250,LANE,1/1,7,WEND002_7250,WEND,1/2,7,True,True,False,
83,11350,green-100G,,100G QSFP28,1,LANE002_7250,LANE,1/1,7,LANE002_7250,LANE,1/1,7,True,True,True,
84,11351,green-100G,,100G QSFP28,1,LANE002_7250,LANE,1/2,7,LANE002_7250,LANE,1/2,7,True,True,True,
85,11345,red-100G,,100G QSFP28,1,LANE001_7250,LANE,1/1,7,LANE001_7250,LANE,1/1,7,True,True,True,
86,11347,red-100G,,100G QSFP28,1,LANE001_7250,LANE,1/2,7,LANE001_7250,LANE,1/2,7,True,True,True,
87,11120,red-10G,20G,2x SFP+ 10G LR,2,LANE002_7705,LANE,1/2,6,LANE001_7250,LANE,1/2,2,True,True,False,
88,10882,green-100G,200G,2x 100G QSFP28,2,LAPI002_7250,LAPI,1/1,7,LAPI002_7250,LAPI,1/1,7,True,True,True,
89,10883,green-100G,200G,2x 100G QSFP28,2,LAPI002_7250,LAPI,1/2,7,LAPI002_7250,LAPI,1/2,7,True,True,True,
90,23070,green-10G,,SFP+ 10G LR,1,LAPI002_7705,LAPI,1/4,1,LAPI001_7705,LAPI,1/4,1,True,False,False,
91,23071,green-OC3,,OC3 SFP,1,LAPI002_7705,LAPI,1/4,2,LAPI001_7705,LAPI,1/4,1,True,False,False,
92,10873,red-100G,200G,2x 100G QSFP28,2,LAPI001_7250,LAPI,1/1,7,LAPI001_7250,LAPI,1/1,7,True,True,True,
93,10880,red-100G,,100G QSFP28,1,LAPI001_7250,LAPI,1/1,7,RDMD001_7250,RDMD,1/2,7,True,False,False,
94,10872,red-100G,200G,2x 100G QSFP28,2,LAPI001_7250,LAPI,1/2,7,LAPI001_7250,LAPI,1/2,7,True,True,True,
95,23006,red-OC3,,OC3 SFP,1,LAPI001_7705,LAPI,1/4,1,LAPI001_7705,LAPI,1/4,1,True,False,True,
96,12661,green-10G,,SFP+ 10G LR,1,LNHR002_7705,LNHR,1/2,5,LNHR002_7705,LNHR,1/2,5,True,False,True,
97,11939,green-10G,,SFP+ 10G LR,1,LONG002_7250,LONG,1/1,5,COWL002_7705,COWL,1/1,5,False,True,False,
98,11938,red-10G,,SFP+ 10G LR,1,LONG001_7250,LONG,1/2,5,COWL001_7705,COWL,1/1,5,False,True,False,
99,13392,green-10G,20G,2x SFP+ 10G LR,2,MALN001_7705,MALN,1/1,6,MALN002_7250,MALN,1/1,1,True,True,False,
100,23073,green-10G,20G,2x SFP+ 10G LR,2,MALN002_7705,MALN,1/1,6,MALN002_7705,MALN,1/1,6,True,True,True,
101,32990,green-OC3,,OC3 SFP,1,MALN002_7705,MALN,1/1,6,MALN002_7705,MALN,1/1,6,True,True,True,
102,11440,red-100G,200G,2x 100G QSFP28,2,MALN001_7250,MALN,1/1,7,CPJK001_7250,CPJK,1/2,7,True,True,False,
103,13400,red-100G,200G,2x 100G QSFP28,2,MALN001_7250,MALN,1/1,7,MALN001_7250,MALN,1/1,7,True,True,True,
104,32971,red-10G,20G,2x SFP+ 10G LR,2,MALN001_7705,MALN,1/1,6,MALN001_7705,MALN,1/1,6,True,True,True,
105,32969,red-OC3,,OC3 SFP,1,MALN001_7705,MALN,1/1,6,MALN001_7705,MALN,1/1,6,True,True,True,
106,11045,green-10G,20G,2x SFP+ 10G LR,2,MARN002_7705,MARN,1/1,5,MARN002_7705,MARN,1/1,5,True,True,True,
107,12164,green-10G,,SFP+ 10G LR,1,MARN002_7705,MARN,1/1,5,MARN002_7705,MARN,1/1,5,True,True,True,
108,33254,green-OC3,,OC3 SFP,1,MARN002_7705,MARN,1/2,6,MARN002_7705,MARN,1/2,6,True,True,True,
109,10787,red-10G,20G,2x SFP+ 10G LR,2,MARN002_7705,MARN,1/2,6,MARN001_7250,MARN,1/2,2,True,True,False,
110,11719,red-10G,20G,2x SFP+ 10G LR,2,MARN001_7705,MARN,1/2,6,MARN001_7705,MARN,1/2,5,True,True,False,
111,12163,red-10G,,SFP+ 10G LR,1,MARN001_7705,MARN,1/2,6,MARN001_7705,MARN,1/2,6,True,True,True,
112,33249,red-10G,20G,2x SFP+ 10G LR,2,MARN001_7705,MARN,1/2,6,MARN001_7705,MARN,1/2,6,True,True,True,
113,33248,red-OC3,,OC3 SFP,1,MARN001_7705,MARN,1/2,5,MARN001_7705,MARN,1/2,5,True,True,True,
114,12420,green-100G,,100G QSFP28,1,MCLO002_7250,MCLO,1/1,7,MCLO002_7250,MCLO,1/1,7,True,True,True,
115,12418,green-100G,,100G QSFP28,1,MCLO002_7250,MCLO,1/2,7,MCLO002_7250,MCLO,1/2,7,True,True,True,
116,12419,green-100G,,100G QSFP28,1,MCLO002_7250,MCLO,1/2,7,OSTD002_7250,OSTD,1/1,7,True,True,False,
117,9317,green-10G,20G,2x SFP+ 10G LR,2,MCLO001_7705,MCLO,1/1,6,MCLO002_7250,MCLO,1/1,1,True,True,False,
118,12410,red-100G,,100G QSFP28,1,MCLO001_7250,MCLO,1/1,7,MCLO001_7250,MCLO,1/1,7,True,True,True,
119,12409,red-100G,,100G QSFP28,1,MCLO001_7250,MCLO,1/2,7,MCLO001_7250,MCLO,1/2,7,True,True,True,
120,13243,red-100G,,100G QSFP28,1,MCLO001_7250,MCLO,1/2,7,OSTD001_7250,OSTD,1/2,2,True,True,False,
121,11375,green-100G,,100G QSFP28,1,MNCR002_7250,MNCR,1/1,7,MNCR002_7250,MNCR,1/1,7,True,True,True,
122,11387,green-100G,,100G QSFP28,1,MNCR002_7250,MNCR,1/1,7,ALVY002_7250,ALVY,1/5,7,True,True,False,
123,11376,green-100G,,100G QSFP28,1,MNCR002_7250,MNCR,1/2,7,MNCR002_7250,MNCR,1/2,7,True,True,True,
124,11356,red-100G,,100G QSFP28,1,MNCR001_7250,MNCR,1/1,7,MNCR001_7250,MNCR,1/1,7,True,True,True,
125,11362,red-100G,,100G QSFP28,1,MNCR001_7250,MNCR,1/1,7,ALVY001_7250,ALVY,1/2,7,True,True,False,
126,11357,red-100G,,100G QSFP28,1,MNCR001_7250,MNCR,1/2,7,MNCR001_7250,MNCR,1/2,7,True,True,True,
127,11184,red-10G,20G,2x SFP+ 10G LR,2,MNCR002_7705,MNCR,1/2,6,MNCR001_7250,MNCR,1/2,2,True,True,False,
128,11902,green-100G,,100G QSFP28,1,MOPN001_7250,MOPN,1/2,5,MOPN001_7250,MOPN,1/2,5,True,True,True,
129,11901,red-100G,,100G QSFP28,1,MOPN002_7250,MOPN,1/2,5,MOPN002_7250,MOPN,1/2,5,True,True,True,
130,11399,blue-10G,20G,2x SFP+ 10G LR,2,NBMO001_7705,NBMO,1/1,6,NBMO002_7705,NBMO,1/1,6,True,True,False,
131,13776,blue-10G,20G,2x SFP+ 10G LR,2,NBMO001_7705,NBMO,1/2,6,NBMO002_7705,NBMO,1/2,6,True,True,False,
132,13234,green-100G,,100G QSFP28,1,OSTD002_7250,OSTD,1/1,7,OSTD002_7250,OSTD,1/1,7,True,True,True,
133,13233,green-100G,,100G QSFP28,1,OSTD002_7250,OSTD,1/2,7,OSTD002_7250,OSTD,1/2,7,True,True,True,
134,13236,red-100G,,100G QSFP28,1,OSTD001_7250,OSTD,1/2,2,OSTD001_7250,OSTD,1/2,2,True,True,True,
135,13235,red-100G,,100G QSFP28,1,OSTD001_7250,OSTD,1/2,7,OSTD001_7250,OSTD,1/2,7,True,True,True,
136,13245,red-100G,,100G QSFP28,1,OSTD001_7250,OSTD,1/2,7,OSTD001_7250,OSTD,1/1,1,True,False,False,
137,13197,green-100G,,100G QSFP28,1,PERL002_7250,PERL,1/1,7,PERL002_7250,PERL,1/1,7,True,True,True,
138,12415,green-100G,,100G QSFP28,1,PERL002_7250,PERL,1/2,7,MCLO002_7250,MCLO,1/1,7,True,True,False,
139,13196,green-100G,,100G QSFP28,1,PERL002_7250,PERL,1/2,7,PERL002_7250,PERL,1/2,7,True,True,True,
140,9293,green-10G,20G,2x SFP+ 10G LR,2,PERL001_7705,PERL,1/1,6,PERL002_7250,PERL,1/1,1,True,True,False,
141,13192,red-100G,,100G QSFP28,1,PERL001_7250,PERL,1/1,7,PERL001_7250,PERL,1/1,7,True,True,True,
142,12411,red-100G,,100G QSFP28,1,PERL001_7250,PERL,1/2,7,PERL001_7250,PERL,1/2,7,True,True,True,
143,12412,red-100G,,100G QSFP28,1,PERL001_7250,PERL,1/2,7,MCLO001_7250,MCLO,1/1,7,True,True,False,
144,33325,blue-10G,,SFP+ 10G LR,1,POAN001_7705,POAN,1/1,6,POAN001_7705,POAN,1/1,6,True,True,True,
145,12306,blue-OC3,,OC3 SFP,1,POAN001_7705,POAN,1/1,6,POAN001_7705,POAN,1/1,6,True,True,True,
146,12323,green-10G,,SFP+ 10G LR,1,POAN002_7705,POAN,1/1,5,HAPY002_7705,HAPY,1/2,5,True,True,False,
147,12321,red-10G,,SFP+ 10G LR,1,POAN001_7705,POAN,1/1,5,HAPY002_7705,HAPY,1/2,5,True,True,False,
148,11717,blue-10G,,SFP+ 10G LR,1,PROH002_7705,PROH,1/1,6,PROH001_7705,PROH,1/1,6,True,True,False,
149,11716,blue-10G,,SFP+ 10G LR,1,PROH002_7705,PROH,1/2,6,PROH001_7705,PROH,1/2,6,True,True,False,
150,11042,blue-10G,,SFP+ 10G LR,1,PROH002_7705,PROH,?,?,7705  001,?,?,?,True,False,False,
151,11050,blue-10G,,SFP+ 10G LR,1,PROH001_7705,PROH,?,?,SALE001_7705,SALE,?,?,True,False,False,
152,11457,blue-10G,,SFP+ 10G LR,1,PROH002_7705,PROH,?,?,PROH001_7705,PROH,?,?,True,True,False,
153,33246,green-10G,,SFP+ 10G LR,1,PROH002_7705,PROH,1/1,6,PROH002_7705,PROH,1/2,6,True,True,False,
154,11038,green-10G,,SFP+ 10G LR,1,PROH002_7705,PROH,1/2,6,PROH002_7705,PROH,1/2,6,True,True,True,
155,33242,green-OC3,,OC3 SFP,1,PROH002_7705,PROH,1/1,6,PROH002_7705,PROH,1/1,6,True,True,True,
156,10842,green-100G,,100G QSFP28,1,RDMD002_7250,RDMD,1/1,7,RDMD002_7250,RDMD,1/1,7,True,False,True,
157,10843,green-100G,,100G QSFP28,1,RDMD002_7250,RDMD,1/2,7,RDMD002_7250,RDMD,1/2,7,True,False,True,
158,10839,red-100G,,100G QSFP28,1,RDMD001_7250,RDMD,1/1,7,RDMD001_7250,RDMD,1/1,7,True,False,True,
159,10840,red-100G,,100G QSFP28,1,RDMD001_7250,RDMD,1/2,7,RDMD001_7250,RDMD,1/2,7,True,False,True,
160,11289,green-100G,,100G QSFP28,1,REED002_7250,REED,1/1,7,REED002_7250,REED,1/1,7,True,True,True,
161,11381,green-100G,,100G QSFP28,1,REED002_7250,REED,1/1,7,BAND002_7250,BAND,1/2,7,True,False,False,
162,11290,green-100G,,100G QSFP28,1,REED002_7250,REED,1/2,7,REED002_7250,REED,1/2,7,True,True,True,
163,11291,red-100G,,100G QSFP28,1,REED001_7250,REED,1/1,7,REED001_7250,REED,1/1,7,True,True,True,
164,11292,red-100G,,100G QSFP28,1,REED001_7250,REED,1/2,7,REED001_7250,REED,1/2,7,True,True,True,
165,11397,red-10G,20G,2x SFP+ 10G LR,2,REED001_7250,REED,1/1,3,NBMO002_7705,NBMO,1/1,5,True,False,False,
166,11377,green-100G,,100G QSFP28,1,REST002_7250,REST,1/1,7,REST002_7250,REST,1/1,7,True,True,True,
167,11388,green-100G,,100G QSFP28,1,REST002_7250,REST,1/1,7,MNCR002_7250,MNCR,1/2,7,True,True,False,
168,11378,green-100G,,100G QSFP28,1,REST002_7250,REST,1/2,7,REST002_7250,REST,1/2,7,True,True,True,
169,11358,red-100G,,100G QSFP28,1,REST001_7250,REST,1/1,7,REST001_7250,REST,1/1,7,True,True,True,
170,11363,red-100G,,100G QSFP28,1,REST001_7250,REST,1/1,7,MNCR001_7250,MNCR,1/2,7,True,True,False,
171,11359,red-100G,,100G QSFP28,1,REST001_7250,REST,1/2,7,REST001_7250,REST,1/2,7,True,True,True,
172,11214,red-10G,20G,2x SFP+ 10G LR,2,REST002_7705,REST,1/2,6,REST001_7250,REST,1/2,2,True,True,False,
173,11061,green-100G,,100G QSFP28,1,SALE002_7250,SALE,1/1,7,ALBA002_7250,ALBA,1/2,7,True,True,False,
174,12156,green-100G,200G,2x 100G QSFP28,2,SALE002_7250,SALE,1/1,7,SALE002_7250,SALE,1/1,7,True,True,True,
175,12157,green-100G,200G,2x 100G QSFP28,2,SALE002_7250,SALE,1/2,7,SALE002_7250,SALE,1/2,7,True,True,True,
176,12155,red-100G,200G,2x 100G QSFP28,2,SALE001_7250,SALE,1/2,7,SALE001_7250,SALE,1/2,7,True,True,True,
177,12251,red-100G,,100G QSFP28,1,SALE001_7250,SALE,1/2,7,CHEM001_7250,CHEM,1/1,7,True,True,False,
178,12154,red-100G,200G,2x 100G QSFP28,2,SALE001_7250,SALE,1/5,7,SALE001_7250,SALE,1/5,7,True,True,True,
179,12101,red-10G,20G,2x SFP+ 10G LR,2,SALE001_7705,SALE,1/1,6,SALE001_7705,SALE,1/2,6,True,True,False,
180,33258,red-10G,20G,2x SFP+ 10G LR,2,SALE001_7705,SALE,1/2,6,SALE001_7705,SALE,1/2,6,True,True,True,
181,33259,red-OC3,,OC3 SFP,1,SALE001_7705,SALE,1/1,6,SALE001_7705,SALE,1/2,6,True,True,False,
182,11025,blue-10G,20G,2x SFP+ 10G LR,2,SANT002_7705,SANT,1/1,6,SANT001_7705,SANT,1/1,6,True,True,False,
183,13784,blue-10G,20G,2x SFP+ 10G LR,2,SANT002_7705,SANT,1/2,6,SANT001_7705,SANT,1/2,6,True,True,False,
184,11026,green-10G,20G,2x SFP+ 10G LR,2,SANT002_7705,SANT,1/1,5,SANT002_7705,SANT,1/1,5,True,True,True,
185,33302,blue-10G,,SFP+ 10G LR,1,SOMW002_7705,SOMW,1/1,6,SOMW002_7705,SOMW,1/1,6,True,True,True,
186,33291,blue-10G,,SFP+ 10G LR,1,SOMW001_7705,SOMW,1/2,6,SOMW001_7705,SOMW,1/2,6,True,True,True,
187,33301,blue-OC3,,OC3 SFP,1,SOMW002_7705,SOMW,1/1,6,SOMW002_7705,SOMW,1/1,6,True,True,True,
188,10640,blue-OC3,,OC3 SFP,1,SOMW001_7705,SOMW,1/2,6,SOMW001_7705,SOMW,1/2,6,True,True,True,
189,13174,green-100G,,100G QSFP28,1,STJO002_7250,STJO,1/1,7,STJO002_7250,STJO,1/1,7,True,True,True,
190,13173,green-100G,,100G QSFP28,1,STJO002_7250,STJO,1/2,5,STJO002_7250,STJO,1/2,5,True,True,True,
191,13187,green-100G,,100G QSFP28,1,STJO002_7250,STJO,1/2,5,DITT002_7250,DITT,1/1,2,True,False,False,
192,13183,red-100G,,100G QSFP28,1,STJO002_7250,STJO,1/1,7,STJO002_7250,STJO,1/1,7,True,True,True,
193,13182,red-100G,,100G QSFP28,1,STJO002_7250,STJO,1/2,5,STJO002_7250,STJO,1/2,5,True,True,True,
194,23075,blue-10G,20G,2x SFP+ 10G LR,2,SUML002_7705,SUML,1/2,6,SUML002_7705,SUML,1/2,6,True,True,True,
195,17471,blue-OC3,,OC3 SFP,1,SUML002_7705,SUML,1/2,6,SUML002_7705,SUML,1/2,6,True,True,True,
196,10958,green-100G,200G,2x 100G QSFP28,2,SUML002_7250,SUML,1/1,7,SUML002_7250,SUML,1/1,7,True,True,True,
197,10955,red-100G,,100G QSFP28,1,SUML001_7250,SUML,1/1,7,FORT001_7250,FORT,1/2,7,True,False,False,
198,10957,red-100G,200G,2x 100G QSFP28,2,SUML001_7250,SUML,1/1,7,SUML001_7250,SUML,1/1,7,True,True,True,
199,13408,green-100G,,100G QSFP28,1,SYCN002_7250,SYCN,1/2,5,SYCN002_7250,SYCN,1/2,5,True,False,True,
200,13367,red-100G,,100G QSFP28,1,SYCN002_7250,SYCN,1/1,7,SYCN001_7250,SYCN,1/1,7,False,True,False,
201,13366,red-100G,,100G QSFP28,1,SYCN001_7250,SYCN,1/2,5,SYCN002_7250,SYCN,1/2,5,True,False,False,
202,11383,green-100G,,100G QSFP28,1,TAHK002_7250,TAHK,1/1,7,REED002_7250,REED,1/2,7,True,True,False,
203,11385,green-100G,,100G QSFP28,1,TAHK002_7250,TAHK,1/1,7,TAHK002_7250,TAHK,1/1,7,True,True,True,
204,11382,green-100G,,100G QSFP28,1,TAHK002_7250,TAHK,1/2,7,TAHK002_7250,TAHK,1/2,7,True,True,True,
205,11368,red-100G,,100G QSFP28,1,TAHK001_7250,TAHK,1/1,7,REED001_7250,REED,1/2,7,True,True,False,
206,11370,red-100G,,100G QSFP28,1,TAHK001_7250,TAHK,1/1,7,TAHK001_7250,TAHK,1/1,7,True,True,True,
207,11367,red-100G,,100G QSFP28,1,TAHK001_7250,TAHK,1/2,7,TAHK001_7250,TAHK,1/2,7,True,True,True,
208,11311,red-10G,20G,2x SFP+ 10G LR,2,TAHK002_7705,TAHK,1/2,6,TAHK001_7250,TAHK,1/2,2,True,True,False,
209,11097,green-100G,,100G QSFP28,1,WEND002_7250,WEND,1/2,7,WEND002_7250,WEND,1/2,7,True,True,True,
210,11084,red-10G,20G,2x SFP+ 10G LR,2,WEND002_7705,WEND,1/2,6,WEND001_7250,WEND,1/2,2,True,True,False,
211,33197,green-10G,,SFP+ 10G LR,1,WKMZ002_7705,WKMZ,1/6,1,WKMZ002_7705,WKMZ,1/4,1,True,True,False,
212,33209,green-10G,,SFP+ 10G LR,1,WKMZ002_7705,WKMZ,1/6,1,WKMZ002_7705,WKMZ,1/6,1,True,True,True,
213,33195,green-OC3,,OC3 SFP,1,WKMZ002_7705,WKMZ,1/6,1,WKMZ002_7705,WKMZ,1/6,1,True,True,True,
214,33196,green-OC3,,OC3 SFP,1,WKMZ002_7705,WKMZ,1/6,1,WKMZ002_7705,WKMZ,1/4,1,True,True,False,
215,33210,green-OC3,,OC3 SFP,1,WKMZ002_7705,WKMZ,1/6,2,WKMZ002_7705,WKMZ,1/6,2,True,True,True,
216,33188,red-OC3,,OC3 SFP,1,WKMZ001_7705,WKMZ,1/6,1,WKMZ001_7705,WKMZ,1/6,1,True,True,True,
