line_type,bandwidth,site_a,device_a,port_a,site_b,device_b,port_b,p3_a,p3_b,conn_id
green-10G,20G,PERL,7705  001,1/1/6,PERL,7250  002,1/1/1,True,True,9293
green-10G,20G,MCLO,7705  001,1/1/6,MCLO,7250  002,1/1/1,True,True,9317
blue-OC3,,SOMW,7705  001,1/2/6,SOMW,7705  001,1/2/6,True,True,10640
blue-OC3,,CAPP,7705  002,1/1/6,CAPP,7705  002,1/1/6,True,True,10641
blue-OC3,,CAPP,7705  001,1/2/6,CAPP,7705  001,1/2/6,True,True,10642
red-100G,,BKLY,7250  001,1/2/7,?,7250  001,1/2/7,True,False,10718
red-100G,,BKLY,7250  001,1/1/7,?,7250  001,1/1/7,True,False,10719
green-100G,,BKLY,7250  002,1/2/7,?,7250  002,1/2/7,True,False,10720
green-100G,,BKLY,7250  002,1/1/7,?,7250  002,1/1/7,True,False,10721
red-10G,20G,MARN,7705  002,1/2/6,MARN,7250  001,1/2/2,True,True,10787
red-100G,,RDMD,7250  001,1/1/7,?,7250  001,1/1/7,True,False,10839
red-100G,,RDMD,7250  001,1/2/7,?,7250  001,1/2/7,True,False,10840
green-100G,,RDMD,7250  002,1/1/7,?,7250  002,1/1/7,True,False,10842
green-100G,,RDMD,7250  002,1/2/7,?,7250  002,1/2/7,True,False,10843
red-100G,200G,?,7250  001,1/2/7,LAPI,7250  001,1/2/7,False,True,10872
red-100G,200G,?,7250  001,1/1/7,LAPI,7250  001,1/1/7,False,True,10873
green-100G,200G,LAPI,7250  002,1/1/7,?,7250  002,1/1/7,True,False,10882
green-100G,200G,LAPI,7250  002,1/2/7,?,7250  002,1/2/7,True,False,10883
red-100G,,FORT,7250  001,1/1/7,?,7250  001,1/1/7,True,False,10914
red-100G,,FORT,7250  001,1/2/7,?,7250  001,1/2/7,True,False,10915
green-100G,,FORT,7250  002,1/1/7,?,7250  002,1/1/7,True,False,10916
green-100G,,FORT,7250  002,1/2/7,?,7250  002,1/2/7,True,False,10917
red-100G,200G,SUML,7250  001,1/1/7,?,7250  001,1/1/7,True,False,10957
green-100G,200G,SUML,7250  002,1/1/7,?,7705  002,1/1/7,True,False,10958
blue-10G,20G,SANT,7705  002,1/1/6,SANT,7705  001,1/1/6,True,True,11025
green-10G,20G,SANT,7705  002,1/1/5,?,7250  002,?,True,False,11026
green-10G,,PROH,7705  002,?,PROH,7705  002,1/2/6,True,True,11038
blue-10G,,PROH,7705  002,?,?,7705  001,?,True,False,11042
green-10G,20G,MARN,7705  002,?,MARN,7705  002,1/1/5,True,True,11045
blue-10G,,PROH,7705  001,?,?,7705  001,?,True,False,11050
red-10G,20G,WEND,7705  002,1/2/6,WEND,7250  001,1/2/2,True,True,11084
green-100G,,WEND,7250  002,1/2/7,?,7250  002,1/2/7,True,False,11097
red-10G,20G,LANE,7705  002,1/2/6,LANE,7250  001,1/2/2,True,True,11120
red-10G,20G,ALVY,7705  002,1/2/6,ALVY,7250  001,1/2/2,True,True,11150
red-10G,20G,MNCR,7705  002,1/2/6,MNCR,7250  001,1/2/2,True,True,11184
red-10G,20G,REST,7705  002,1/2/6,REST,7250  001,1/2/2,True,True,11214
red-10G,20G,FAVW,7705  002,1/2/6,FAVW,7250  001,1/2/2,True,True,11244
green-100G,,?,7250  002,1/1/7,REED,7250  002,1/1/7,False,True,11289
green-100G,,?,7250  002,1/2/7,REED,7250  002,1/2/7,False,True,11290
red-100G,,?,7250  001,1/1/7,REED,7250  001,1/1/7,False,True,11291
red-100G,,?,7250  001,1/2/7,REED,7250  001,1/2/7,False,True,11292
red-10G,20G,TAHK,7705  002,1/2/6,TAHK,7250  001,1/2/2,True,True,11311
blue-10G,20G,BAND,7705  001,1/2/6,BAND,7705  002,1/2/6,True,True,11343
green-10G,20G,?,7705  002,1/1/5,BAND,7705  002,1/1/5,False,True,11344
red-100G,,LANE,7250  001,1/1/7,?,7250  001,1/1/7,True,False,11346
red-100G,,LANE,7250  001,1/2/7,?,7250  001,1/2/7,True,False,11347
green-100G,,LANE,7250  002,1/1/7,?,7250  002,1/1/7,True,False,11350
green-100G,,LANE,7250  002,1/2/7,?,7250  002,1/2/7,True,False,11351
red-100G,200G,ALVY,7250  001,1/1/7,?,7250  001,1/1/7,True,False,11354
red-100G,200G,ALVY,7250  001,1/2/7,?,7250  001,1/2/7,True,False,11355
red-100G,,MNCR,7250  001,1/1/7,?,7250  001,1/1/7,True,False,11356
red-100G,,MNCR,7250  001,1/2/7,?,7250  001,1/2/7,True,False,11357
red-100G,,REST,7250  001,1/1/7,?,7250  001,1/1/7,True,False,11358
red-100G,,REST,7250  001,1/2/7,?,7250  001,1/2/7,True,False,11359
red-100G,200G,FAVW,7250  001,1/1/7,?,7250  001,1/1/7,True,False,11360
red-100G,200G,FAVW,7250  001,1/2/7,?,7250  001,1/2/7,True,False,11361
red-100G,,TAHK,7250  001,1/2/7,?,7250  001,1/2/7,True,False,11369
red-100G,,TAHK,7250  001,1/1/7,?,7250  001,1/1/7,True,False,11370
green-100G,200G,ALVY,7250  002,1/1/7,?,7250  002,1/1/7,True,False,11373
green-100G,200G,ALVY,7250  002,1/5/7,?,7250  002,1/2/7,True,False,11374
green-100G,,MNCR,7250  002,1/1/7,?,7250  002,1/1/7,True,False,11375
green-100G,,MNCR,7250  002,1/2/7,?,7250  002,1/2/7,True,False,11376
green-100G,,REST,7250  002,1/1/7,?,7250  002,1/1/7,True,False,11377
green-100G,,REST,7250  002,1/2/7,?,7250  002,1/2/7,True,False,11378
green-100G,200G,FAVW,7250  002,1/1/7,?,7705  001,1/1/7,True,False,11379
green-100G,200G,FAVW,7250  002,1/2/7,?,7250  002,1/2/7,True,False,11380
green-100G,,TAHK,7250  002,1/2/7,?,7250  002,1/2/7,True,False,11384
green-100G,,TAHK,7250  002,1/1/7,?,7250  002,1/1/7,True,False,11385
red-10G,20G,REED,7250  001,1/1/3,?,7705  002,1/1/5,True,False,11397
blue-10G,20G,NBMO,7705  001,1/1/6,NBMO,7705  002,1/1/6,True,True,11399
blue-10G,,PROH,7705  002,?,PROH,7705  001,?,True,True,11457
blue-10G,,PROH,7705  002,?,PROH,7705  001,?,True,True,11458
green-OC3,,?,7705  001,?,ALVF,7705  001,1/4/1,False,True,11465
green-10G,20G,ALVF,7705  002,1/4/2,ALVF,7705  002,1/4/1,True,True,11466
blue-10G,20G,ALVF,7705  001,1/1/6,ALVF,7705  002,1/1/6,True,True,11468
blue-10G,20G,ALVF,7705  001,1/2/6,ALVF,7705  002,1/2/6,True,True,11469
green-10G,,ALVY,7250  002,1/1/3,ALVF,7705  002,1/1/5,True,True,11473
blue-10G,,PROH,7705  002,1/2/6,PROH,7705  001,1/2/6,True,True,11716
blue-10G,,PROH,7705  002,1/1/6,PROH,7705  001,1/1/6,True,True,11717
red-10G,20G,MARN,7705  001,1/2/6,MARN,7705  001,1/2/5,True,True,11719
red-100G,,MOPN,7250  002,1/2/5,?,?,1/2/5,True,False,11901
green-100G,,MOPN,7250  001,1/2/5,?,7250  001,1/2/5,True,False,11902
red-10G,,LONG,7250  001,1/2/5,COWL,7705  001,1/1/5,False,True,11938
green-10G,,LONG,7250  002,1/1/5,COWL,7705  002,1/1/5,False,True,11939
red-10G,20G,COWL,7705  001,1/1/5,COWL,7705  001,1/1/5,True,True,11940
green-10G,20G,COWL,7705  002,1/1/5,COWL,7705  002,1/1/5,True,True,11941
blue-10G,20G,COWL,7705  001,1/1/6,COWL,7705  002,1/1/6,True,True,11942
red-100G,,EUGE,7250  001,1/2/7,?,7250  001,1/2/7,True,False,12041
red-100G,,EUGE,7250  001,1/1/7,?,7250  001,1/1/7,True,False,12042
red-10G,20G,SALE,7705  001,1/1/6,SALE,7705  001,1/2/6,True,True,12101
green-10G,20G,CHEM,7705  002,1/2/6,CHEM,7705  002,1/1/6,True,True,12141
red-100G,,ALBA,7250  001,1/1/7,?,7250  001,1/1/7,True,False,12145
red-100G,,ALBA,7250  001,1/2/7,?,7250  001,1/2/7,True,False,12146
green-100G,,ALBA,7250  002,1/2/7,?,7250  002,1/2/7,True,False,12150
red-100G,200G,?,7250  001,1/1/7,SALE,7250  001,1/5/7,False,True,12154
red-100G,200G,?,7250  001,1/2/7,SALE,7250  001,1/2/7,False,True,12155
green-100G,200G,?,7250  002,1/1/7,SALE,7250  002,1/1/7,False,True,12156
green-100G,200G,?,7250  002,1/2/7,SALE,7250  002,1/2/7,False,True,12157
red-10G,,MARN,7705  001,?,MARN,7705  001,1/2/6,True,True,12163
green-10G,,MARN,7705  002,?,MARN,7705  001,?,True,True,12164
red-100G,,?,7250  001,1/2/2,KEEL,7250  001,1/2/2,False,True,12245
red-100G,,?,7250  001,?,KEEL,7250  001,1/2/2,False,True,12246
red-100G,,?,7705  001,?,KEEL,7250  001,1/2/2,False,True,12247
red-100G,200G,?,7250  001,1/1/7,CHEM,7250  001,1/1/7,False,True,12255
red-100G,200G,?,7250  001,1/2/5,CHEM,7250  001,1/2/5,False,True,12256
green-100G,200G,?,7250  002,1/1/7,CHEM,7250  002,1/1/7,False,True,12258
green-100G,200G,?,7250  002,1/2/5,CHEM,7250  002,1/2/5,False,True,12259
blue-OC3,,POAN,7705  001,1/1/6,POAN,7705  001,1/1/6,True,True,12306
red-10G,,POAN,7705  001,1/1/5,HAPY,7705  002,1/2/5,True,True,12321
red-10G,,HAPY,7705  002,1/1/5,FAMT,7705  002,1/2/5,True,True,12322
green-10G,,POAN,7705  002,1/1/5,HAPY,7705  002,1/2/5,True,True,12323
green-10G,,HAPY,7705  002,1/1/5,FAMT,7705  002,1/2/5,True,True,12324
red-10G,,FAMT,7705  002,1/1/5,SHEL,7705  001,1/2/5,True,True,12325
green-10G,,FAMT,7705  002,1/1/5,SHEL,7705  002,1/2/5,True,True,12326
green-100G,,?,7250  002,1/1/5,KEEL,7250  002,1/1/5,False,True,12385
green-100G,,?,7250  002,1/2/7,KEEL,7250  002,1/2/7,False,True,12386
green-100G,,?,?,?,KEEL,7250  002,1/3/7,False,True,12387
red-100G,,?,7250  001,1/1/7,MCLO,7250  001,1/1/7,False,True,12410
red-100G,,?,7250  001,1/2/7,PERL,7250  001,1/2/7,False,True,12411
green-100G,,?,7250  002,1/2/7,MCLO,7250  002,1/2/7,False,True,12418
green-100G,,?,7250  002,1/1/7,MCLO,7250  002,1/1/7,False,True,12420
red-100G,,?,7250  001,1/2/7,MCLO,7250  001,1/2/7,False,True,12421
green-10G,,LNHR,7705  002,1/2/5,?,7705  002,1/2/5,True,False,12661
green-100G,,BENT,7250  002,1/1/7,?,7250  002,1/1/7,True,False,13118
green-100G,,?,7250  002,1/2/5,STJO,7250  002,1/2/5,False,True,13173
green-100G,,?,7250  002,1/1/7,STJO,7250  002,1/1/7,False,True,13174
red-100G,,?,7250  001,1/2/5,STJO,7250  001,1/2/5,False,True,13182
red-100G,,?,7250  001,1/1/7,STJO,7250  001,1/1/7,False,True,13183
red-100G,,?,7250  001,1/1/7,PERL,7250  001,1/1/7,False,True,13192
green-100G,,?,7250  002,1/2/7,PERL,7250  002,1/2/7,False,True,13196
green-100G,,?,7250  002,1/1/7,PERL,7250  002,1/1/7,False,True,13197
green-100G,,?,7250  002,1/2/7,OSTD,7250  002,1/2/7,False,True,13233
green-100G,,?,7250  002,1/1/7,OSTD,7250  002,1/1/7,False,True,13234
red-100G,,?,7250  001,1/1/7,OSTD,7250  001,1/2/7,False,True,13235
red-100G,,?,7250  001,1/1/7,OSTD,7250  001,1/2/2,False,True,13236
red-100G,,SYCN,7250  001,1/2/5,?,7250  002,1/2/5,True,False,13366
red-100G,,?,7250  002,1/1/7,SYCN,7250  001,1/1/7,False,True,13367
green-10G,20G,MALN,7705  001,1/1/6,MALN,7250  002,1/1/1,True,True,13392
red-100G,200G,?,7250  001,1/1/7,MALN,7250  001,1/1/7,False,True,13400
green-100G,,SYCN,7250  002,1/2/5,?,7250  002,1/2/5,True,False,13408
red-100G,,CPJK,7250  001,1/1/5,?,?,1/1/5,True,False,13412
red-100G,,CPJK,?,1/2/7,?,?,1/2/7,True,False,13413
green-100G,,CPJK,7250  001,1/2/7,?,?,1/2/7,True,False,13414
green-100G,,CPJK,7250  001,1/1/5,?,?,1/1/5,True,False,13415
blue-10G,20G,COWL,7705  001,1/2/6,COWL,7705  002,1/2/6,True,True,13681
blue-10G,20G,BAND,7705  001,1/1/6,BAND,7705  002,1/1/6,True,True,13772
blue-10G,20G,NBMO,7705  001,1/2/6,NBMO,7705  002,1/2/6,True,True,13776
blue-10G,20G,SANT,7705  002,1/2/6,SANT,7705  001,1/2/6,True,True,13784
red-OC3,,ALVF,7705  001,1/4/1,ALVF,7705  001,1/4/1,True,True,14246
red-OC3,,LAPI,7705  001,1/4/1,?,7705  001,1/4/1,True,False,23006
green-10G,,LAPI,7705  002,1/4/1,?,7705  001,1/4/1,True,False,23070
green-OC3,,LAPI,7705  002,1/4/2,?,7705  001,1/4/1,True,False,23071
green-10G,20G,MALN,7705  002,1/1/6,MALN,7705  002,1/1/6,True,True,23073
blue-10G,20G,SUML,7705  002,1/2/6,SUML,7705  002,?,True,True,23075
green-OC3,,ALVF,7705  001,1/4/1,ALVF,7705  002,1/4/2,True,True,23078
red-OC3,,MALN,7705  001,1/1/6,MALN,7705  001,1/1/6,True,True,32969
red-OC3,,MALN,7705  001,1/1/6,MALN,7705  001,1/1/6,True,True,32970
red-10G,20G,MALN,7705  001,1/1/6,MALN,7705  001,1/1/6,True,True,32971
red-10G,20G,MALN,7705  001,1/1/6,MALN,7705  001,1/1/6,True,True,32975
green-OC3,,MALN,7705  002,1/1/6,MALN,7705  002,1/1/6,True,True,32990
green-10G,20G,MALN,7705  002,1/1/6,MALN,7705  002,1/1/6,True,True,32991
green-OC3,,MALN,7705  002,1/1/6,MALN,7705  002,1/1/6,True,True,32992
red-OC3,,BUCK,7705,1/2/6,BUCK,7705,1/2/6,True,True,33008
red-10G,20G,BUCK,7705,1/2/6,BUCK,7705,1/2/6,True,True,33009
red-OC3,,BUCK,7705,1/1/6,BUCK,7705,1/1/6,True,True,33010
red-OC3,,BUCK,7705,1/2/6,BUCK,7705,1/2/6,True,True,33014
red-OC3,,BUCK,7705,1/2/6,BUCK,7705,1/2/6,True,True,33020
red-OC3,,?,7705  001,?,ALVF,7705  001,1/4/1,False,True,33179
green-10G,,?,7705  002,?,ALVF,7705  002,1/4/2,False,True,33180
red-OC3,,?,7705 001,?,WKMZ,7705 001,1/6/1,False,True,33188
green-OC3,,WKMZ,7705 002,1/6/1,WKMZ,7705 002,1/6/1,True,True,33195
green-OC3,,WKMZ,7705 002,1/6/1,WKMZ,7705 002,1/4/1,True,True,33196
green-10G,,WKMZ,7705 002,1/6/1,WKMZ,7705 002,1/4/1,True,True,33197
green-OC3,,WKMZ,7705 002,1/6/1,WKMZ,7705 002,1/6/1,True,True,33198
green-10G,,?,7705 002,?,WKMZ,7705 002,1/6/1,False,True,33209
green-OC3,,?,7705 002,?,WKMZ,7705 002,1/6/2,False,True,33210
green-OC3,,CHEM,7705  002,1/2/6,CHEM,7705  002,1/1/6,True,True,33230
green-10G,20G,CHEM,7705  002,1/2/6,CHEM,7705  002,1/2/6,True,True,33231
green-10G,20G,CHEM,7705  002,1/2/6,CHEM,7705  002,1/1/6,True,True,33232
green-OC3,,PROH,7705  002,1/1/6,PROH,7705  002,1/1/6,True,True,33242
green-10G,,PROH,7705  002,1/2/6,PROH,7705  002,1/2/6,True,True,33243
green-10G,,PROH,7705  002,1/1/6,PROH,7705  002,1/2/6,True,True,33246
red-OC3,,MARN,7705  001,1/2/5,MARN,7705  001,1/2/5,True,True,33248
red-10G,20G,MARN,7705  001,1/2/6,MARN,7705  001,1/2/6,True,True,33249
green-10G,20G,MARN,7705  002,?,MARN,7705  002,1/1/5,True,True,33253
green-OC3,,MARN,7705  002,?,MARN,7705  002,1/2/6,True,True,33254
red-10G,20G,SALE,7705  001,1/2/6,SALE,7705  001,1/2/6,True,True,33258
red-OC3,,SALE,7705  001,1/1/6,SALE,7705  001,1/2/6,True,True,33259
red-10G,20G,SALE,7705  001,1/2/6,SALE,7705  001,1/2/6,True,True,33260
blue-10G,,CAPP,7705  001,1/2/6,CAPP,7705  001,1/2/6,True,True,33272
blue-OC3,,CAPP,7705  001,1/2/6,CAPP,7705  001,1/2/6,True,True,33273
blue-OC3,,CAPP,7705  001,1/2/6,CAPP,7705  001,1/2/6,True,True,33274
blue-10G,,CAPP,7705  002,1/1/6,CAPP,7705  002,1/1/6,True,True,33281
blue-OC3,,CAPP,7705  002,1/1/6,CAPP,7705  002,1/1/6,True,True,33282
blue-OC3,,CAPP,7705  002,1/1/6,CAPP,7705  002,1/1/6,True,True,33283
blue-10G,,SOMW,7705  001,1/2/6,SOMW,7705  001,1/2/6,True,True,33291
blue-OC3,,SOMW,7705  001,1/2/6,SOMW,7705  001,1/2/6,True,True,33292
blue-OC3,,SOMW,7705  001,1/2/6,SOMW,7705  001,1/2/6,True,True,33293
blue-OC3,,SOMW,7705  002,1/1/6,SOMW,7705  002,1/1/6,True,True,33301
blue-10G,,SOMW,7705  002,1/1/6,SOMW,7705  002,1/1/6,True,True,33302
blue-OC3,,SOMW,7705  002,1/1/6,SOMW,7705  002,1/1/6,True,True,33303
blue-10G,,SOMW,7705  002,1/1/6,SOMW,7705  002,1/1/6,True,True,33304
blue-OC3,,GMRS,7705  001,1/2/6,GMRS,7705  001,1/2/6,True,True,33308
blue-10G,,GMRS,7705  001,1/2/6,GMRS,7705  001,1/2/6,True,True,33309
blue-OC3,,GMRS,7705  001,1/2/6,GMRS,7705  001,1/2/6,True,True,33310
blue-10G,,GMRS,7705  001,1/2/6,GMRS,7705  001,1/2/6,True,True,33311
blue-OC3,,GMRS,7705  002,1/1/6,GMRS,7705  002,1/1/6,True,True,33315
blue-10G,,GMRS,7705  002,1/1/6,GMRS,7705  002,1/1/6,True,True,33316
blue-OC3,,GMRS,7705  002,1/1/6,GMRS,7705  002,1/1/6,True,True,33317
blue-10G,,GMRS,7705  002,1/1/6,GMRS,7705  002,1/1/6,True,True,33318
blue-OC3,,POAN,7705  001,1/1/6,POAN,7705  001,1/1/6,True,True,33324
blue-10G,,POAN,7705  001,1/1/6,POAN,7705  001,1/1/6,True,True,33325
blue-OC3,,POAN,7705  001,1/1/6,POAN,7705  001,1/1/6,True,True,33326
blue-10G,20G,SUML,7705  002,1/2/6,SUML,7705  002,?,True,True,17470
blue-OC3,,SUML,7705  002,1/2/6,SUML,7705  002,?,True,True,17471
